"Reference","Qty","Value","Footprint","Datasheet","Description"
"C1","1","470µF","Capacitor_THT:CP_Radial_D10.0mm_P5.00mm_P7.50mm","","Polarized capacitor"
"C2,C3,C6","3","22µF","Capacitor_SMD:C_1206_3216Metric","","Unpolarized capacitor"
"C4,C7","2","100nF","Capacitor_SMD:C_1206_3216Metric","","Unpolarized capacitor"
"C5","1","1µF","Capacitor_SMD:C_1206_3216Metric","","Unpolarized capacitor"
"D1","1","LED","LED_SMD:LED_1206_3216Metric_Pad1.42x1.75mm_HandSolder","","Light emitting diode"
"J1","1","USB_C_Receptacle_PowerOnly_6P","Connector_USB:USB_C_Receptacle_GCT_USB4125-xx-x_6P_TopMnt_Horizontal","https://www.usb.org/sites/default/files/documents/usb_type-c.zip","USB Power-Only 6P Type-C Receptacle connector"
"J3","1","Speaker","TerminalBlock:TerminalBlock_MaiXu_MX126-5.0-02P_1x02_P5.00mm","","speaker 4Ω 3W"
"J4","1","OLED","Connector_PinHeader_2.54mm:PinHeader_1x04_P2.54mm_Vertical","","Generic connector, single row, 01x04, script generated (kicad-library-utils/schlib/autogen/connector/)"
"J5","1","Relay","TerminalBlock:TerminalBlock_MaiXu_MX126-5.0-02P_1x02_P5.00mm","","Relay"
"J6","1","PROG","Connector_PinHeader_2.54mm:PinHeader_1x06_P2.54mm_Vertical","","Generic connector, single row, 01x06, script generated (kicad-library-utils/schlib/autogen/connector/)"
"R1,R2,R3,R4,R8,R9","6","4.7k","Resistor_SMD:R_1206_3216Metric","","Range 4.08–6.12k,Range 4.7-10k,Resistor"
"R5","1","560k","Resistor_SMD:R_1206_3216Metric","","Resistor with allowed range of 470–680k only"
"R7","1","(100k)","Resistor_SMD:R_1206_3216Metric","","Optional for selecting 15dB (cut Solder Jumper)"
"R10","1","330","Resistor_SMD:R_1206_3216Metric","","Resistor with allowed range of 470–680k only"
"R11","1","(100)","Resistor_SMD:R_1206_3216Metric","","Optional with the SolderJumper"
"SW1","1","Next","Button_Switch_THT:SW_SPST_Omron_B3F-40xx","","Push button switch, generic, two pins"
"SW2","1","Select","Button_Switch_THT:SW_SPST_Omron_B3F-40xx","","Push button switch, generic, two pins"
"U1","1","ESP32-S3-WROOM-1-N16R8","RF_Module:ESP32-S3-WROOM-1","https://www.espressif.com/sites/default/files/documentation/esp32-s3-wroom-1_wroom-1u_datasheet_en.pdf","RF Module, ESP32-S3 SoC, Wi-Fi 802.11b/g/n, Bluetooth, BLE, 32-bit, 3.3V, onboard antenna, SMD"
"U3","1","AMS1117-3.3","Package_TO_SOT_SMD:SOT-223-3_TabPin2","http://www.advanced-monolithic.com/pdf/ds1117.pdf","1A Low Dropout regulator, positive, 3.3V fixed output, SOT-223"
"U4","1","MAX98357A","Package_DFN_QFN:TQFN-16-1EP_3x3mm_P0.5mm_EP1.23x1.23mm","https://www.analog.com/media/en/technical-documentation/data-sheets/MAX98357A-MAX98357B.pdf","Mono DAC with amplifier, I2S, PCM, TDM, 32-bit, 96khz, 3.2W, TQFP-16"
